{
  "Quadratic L=1": {
    "0.0": 0.5033642590767585,
    "0.5": 0.4954427918711017,
    "0.9": 0.4862158357041097
  },
  "Huber smoothed": {
    "0.0": 0.5093786549269715,
    "0.5": 0.5015081996006793,
    "0.9": 0.49250211403895267
  },
  "Logistic regularized": {
    "0.0": 0.6463092950587433,
    "0.5": 0.6454741418585543,
    "0.9": 0.6434842047026639
  }
}