{
  "T_10": {
    "(0.800,3.2600,0.3875)": {
      "jfrob": 15.670486725760998,
      "nb": 12.931487662371563,
      "ne": 1.6219769690317203,
      "nk": 8.701147727289454
    },
    "(0.780,3.2000,0.3750)": {
      "jfrob": 12.944773830076228,
      "nb": 11.491531820531971,
      "ne": 1.7912519488364445,
      "nk": 5.683597662160575
    },
    "(0.780,3.2000,0.4000)": {
      "jfrob": 12.982909176343755,
      "nb": 10.513284173964331,
      "ne": 1.5211205010751119,
      "nk": 7.464112738957727
    },
    "(0.780,3.3200,0.3750)": {
      "jfrob": 14.506526172787698,
      "nb": 11.562157740772133,
      "ne": 0.9365912938723263,
      "nk": 8.710832722967426
    },
    "(0.780,3.3200,0.4000)": {
      "jfrob": 14.327593613140532,
      "nb": 10.207825668164654,
      "ne": 1.4246914759714926,
      "nk": 9.952411168654479
    },
    "(0.820,3.2000,0.3750)": {
      "jfrob": 15.162627727425324,
      "nb": 13.78058927244845,
      "ne": 1.5205738789955763,
      "nk": 6.139095534611128
    },
    "(0.820,3.2000,0.4000)": {
      "jfrob": 35.00486929940963,
      "nb": 28.139537145003043,
      "ne": 2.181366951992005,
      "nk": 20.706254179703816
    },
    "(0.820,3.3200,0.3750)": {
      "jfrob": 17.86506388342714,
      "nb": 14.926755660679323,
      "ne": 1.8126977725608726,
      "nk": 9.647103181300771
    },
    "(0.820,3.3200,0.4000)": {
      "jfrob": 36.15700341012908,
      "nb": 27.15939881550976,
      "ne": 2.628868227353557,
      "nk": 23.72309009010808
    },
    "max_jfrob": 36.15700341012908,
    "deviation_per_cell": 0.46620106058814825,
    "per_cell_OK": true
  },
  "T_30": {
    "(0.800,3.2600,0.3875)": {
      "jfrob": 301.1012215958612,
      "nb": 261.16998142218546,
      "ne": 8.308070325707197,
      "nk": 149.61003448271217
    },
    "(0.780,3.2000,0.3750)": {
      "jfrob": 8.53221176899606,
      "nb": 7.837733814807023,
      "ne": 0.1409089222547234,
      "nk": 3.368784794974955
    },
    "(0.780,3.2000,0.4000)": {
      "jfrob": 2.2040687726728803,
      "nb": 1.8047569100278327,
      "ne": 0.39119736996601706,
      "nk": 1.2032191272208888
    },
    "(0.780,3.3200,0.3750)": {
      "jfrob": 2.655425939405284,
      "nb": 1.9923077042735131,
      "ne": 0.1947284988224048,
      "nk": 1.7447285585171157
    },
    "(0.780,3.3200,0.4000)": {
      "jfrob": 2.4883406680200384,
      "nb": 1.5962013268226862,
      "ne": 0.34785805384415236,
      "nk": 1.8769590775367653
    },
    "(0.820,3.2000,0.3750)": {
      "jfrob": 737.704036179375,
      "nb": 720.2332657531035,
      "ne": 102.01343448186026,
      "nk": 122.73771662848856
    },
    "(0.820,3.2000,0.4000)": {
      "jfrob": 406.4957462704393,
      "nb": 323.51698569187454,
      "ne": 14.383422827630408,
      "nk": 245.70036396506706
    },
    "(0.820,3.3200,0.3750)": {
      "jfrob": 5.944841391406567,
      "nb": 4.886815419887656,
      "ne": 0.3886396428500926,
      "nk": 3.362905506988615
    },
    "(0.820,3.3200,0.4000)": {
      "jfrob": 27.81068795780759,
      "nb": 20.73009864666908,
      "ne": 1.6359819199711298,
      "nk": 18.466752230520676
    },
    "max_jfrob": 737.704036179375,
    "deviation_per_cell": 9.511806057761868,
    "per_cell_OK": false
  },
  "T_100": {
    "(0.800,3.2600,0.3875)": {
      "jfrob": 0.9411270022255597,
      "nb": 0.8859181384384235,
      "ne": 0.041065205093179465,
      "nk": 0.3149329059252497
    },
    "(0.780,3.2000,0.3750)": {
      "jfrob": 1.0780187967245827,
      "nb": 1.0030071765946829,
      "ne": 0.04598271111046435,
      "nk": 0.3924114168446321
    },
    "(0.780,3.2000,0.4000)": {
      "jfrob": 1.1580861857448377,
      "nb": 1.070442053299046,
      "ne": 0.0547143580254938,
      "nk": 0.4385473328704749
    },
    "(0.780,3.3200,0.3750)": {
      "jfrob": 1.1270488429735293,
      "nb": 1.03973014675968,
      "ne": 0.04882168758531794,
      "nk": 0.43222304333340117
    },
    "(0.780,3.3200,0.4000)": {
      "jfrob": 1.2177461991380796,
      "nb": 1.1144327295682728,
      "ne": 0.058743784672236926,
      "nk": 0.4873342431479959
    },
    "(0.820,3.2000,0.3750)": {
      "jfrob": 3.0457017847926413,
      "nb": 2.9791413287592388,
      "ne": 0.42103746163440114,
      "nk": 0.47301560340878696
    },
    "(0.820,3.2000,0.4000)": {
      "jfrob": 0.6408117477779239,
      "nb": 0.5069062583228956,
      "ne": 0.02164001311821799,
      "nk": 0.3914300080416967
    },
    "(0.820,3.3200,0.3750)": {
      "jfrob": 0.018231012519758026,
      "nb": 0.017820539725866266,
      "ne": 0.0009476526206214632,
      "nk": 0.0037282886000181707
    },
    "(0.820,3.3200,0.4000)": {
      "jfrob": 0.03266634589042696,
      "nb": 0.023113078319265987,
      "ne": 0.0020618229810178373,
      "nk": 0.02299183877891104
    },
    "max_jfrob": 3.0457017847926413,
    "deviation_per_cell": 0.03927066040842781,
    "per_cell_OK": true
  },
  "T_200": {
    "(0.800,3.2600,0.3875)": {
      "jfrob": 1.085832402871873,
      "nb": 1.01567232623217,
      "ne": 0.045322961909311184,
      "nk": 0.3812972095051384
    },
    "(0.780,3.2000,0.3750)": {
      "jfrob": 1.0783318400497532,
      "nb": 1.0033409570862788,
      "ne": 0.045986460646500305,
      "nk": 0.39241779589550235
    },
    "(0.780,3.2000,0.4000)": {
      "jfrob": 1.157659261577518,
      "nb": 1.0701895847386047,
      "ne": 0.05475388518856399,
      "nk": 0.43803108415953157
    },
    "(0.780,3.3200,0.3750)": {
      "jfrob": 1.1274417599035493,
      "nb": 1.0399154558844594,
      "ne": 0.04888491474504796,
      "nk": 0.4327944450861159
    },
    "(0.780,3.3200,0.4000)": {
      "jfrob": 1.2176989784139927,
      "nb": 1.114577665925101,
      "ne": 0.05866198124644612,
      "nk": 0.48689444503678314
    },
    "(0.820,3.2000,0.3750)": {
      "jfrob": 0.00011252468604571164,
      "nb": 0.00011024295301236448,
      "ne": 1.5561721593119718e-05,
      "nk": 1.631346382157387e-05
    },
    "(0.820,3.2000,0.4000)": {
      "jfrob": 7.791558344466064e-05,
      "nb": 6.285314767258372e-05,
      "ne": 2.4376700060982476e-06,
      "nk": 4.59823633158587e-05
    },
    "(0.820,3.3200,0.3750)": {
      "jfrob": 1.2864866213776983e-06,
      "nb": 1.0400887116949573e-06,
      "ne": 1.4521005163453214e-07,
      "nk": 7.430863608577579e-07
    },
    "(0.820,3.3200,0.4000)": {
      "jfrob": 2.939743171495346e-06,
      "nb": 1.9741412304641704e-06,
      "ne": 2.236079572864152e-07,
      "nk": 2.1667615923246205e-06
    },
    "max_jfrob": 1.2176989784139927,
    "deviation_per_cell": 0.015700763383911225,
    "per_cell_OK": true
  },
  "box": {
    "beta": [
      0.78,
      0.82
    ],
    "etaL": [
      3.2,
      3.32
    ],
    "kappa": [
      0.375,
      0.4
    ],
    "cell_radius": 0.012893796958227626,
    "cone_margin": 0.5566
  },
  "wall_time": 12.270595073699951
}