{
  "box": {
    "beta": [
      0.78,
      0.82
    ],
    "etaL": [
      3.2,
      3.32
    ],
    "kappa": [
      0.375,
      0.4
    ],
    "volume": 0.00012
  },
  "params": {
    "n_per_dim": 6,
    "T": 300,
    "T_settled": 100,
    "n_total": 216
  },
  "results": {
    "n_3cycle": 216,
    "n_all_vertex": 216,
    "min_margin": 0.5565935314072672,
    "max_margin": 0.5732494608148624,
    "median_margin": 0.5656880365937704,
    "patterns": {
      "(0, 2, 1)": 114,
      "(2, 0, 1)": 102
    },
    "n_failures": 0
  },
  "wall_time": 79.91617345809937
}