{
  "S1_closed_form": true,
  "S2_small_eta_and_beta0": true,
  "S3_three_term_lyapunov": true,
  "S4_change_of_variables": true,
  "M1_mpmath_lyapunov": {
    "pass": true,
    "var_inf_mpmath": 0.10344827586206896,
    "formula_value": 0.10344827586206896,
    "rel_err": 1.8655301698635447e-51
  },
  "MC1_monte_carlo": {
    "pass": true,
    "rel_errors": [
      0.001110368625974023,
      0.0003284804624099311,
      0.001444178990976725,
      0.004248376860034697
    ]
  },
  "MC2_horizon_tuned_rate": {
    "pass": "True",
    "empirical_rate": 0.5013656386199615,
    "rows": [
      [
        100,
        0.1,
        0.051762605947484726,
        0.05172413793103449,
        0.05
      ],
      [
        300,
        0.05773502691896257,
        0.029340067861239653,
        0.029433970485587057,
        0.028867513459481284
      ],
      [
        1000,
        0.03162277660168379,
        0.0158650686276056,
        0.015979830504231254,
        0.015811388300841896
      ],
      [
        3000,
        0.018257418583505537,
        0.009271052402778392,
        0.009184605017864542,
        0.009128709291752768
      ],
      [
        10000,
        0.01,
        0.005136860462594485,
        0.005016722408026755,
        0.005
      ]
    ]
  },
  "MC3_no_decay_fixed_eta": {
    "pass": true,
    "rows": [
      [
        100,
        0.05137853646230064,
        0.9933183716044789
      ],
      [
        1000,
        0.054692516492744536,
        1.0573886521930609
      ],
      [
        10000,
        0.05318398869598705,
        1.0282237814557496
      ],
      [
        50000,
        0.05058934741635882,
        0.9780607167162705
      ]
    ],
    "f_floor": 0.05172413793103449
  },
  "all_pass": true,
  "wall_time_seconds": 12.393097639083862
}