{
  "S1_kinematic": true,
  "S2_vieta": true,
  "M1_anchor": {
    "pass": true,
    "min_norm_late": 0.7070177081021597,
    "period3_err": 5.345529420184391e-51,
    "asymptotic_gradsq": 0.3471494712752308,
    "min_gradsq_late": 0.34710995984122656,
    "min_bias_ratio_T1to10000": 0.043710198789687765,
    "binding_t": 4,
    "min_bias_ratio_T_geq_10": 0.3687988685631781,
    "min_bias_ratio_T_geq_100": 24.999597385771466,
    "min_bias_ratio_T_geq_1000": 250.0,
    "bias_kappa10_ok_t1": false,
    "bias_kappa10_ok_t10": true
  },
  "M2_floquet": true,
  "M3_grid": {
    "pass": true,
    "n_total": 54,
    "n_cycle": 16,
    "n_decay": 27,
    "n_other": 11,
    "cycling_points": [
      [
        0.7,
        3.3447916666666666,
        0.33790146854839154
      ],
      [
        0.75,
        2.95625,
        0.3715804984303927
      ],
      [
        0.75,
        3.0770833333333334,
        0.37517950398682126
      ],
      [
        0.75,
        3.1979166666666665,
        0.3690629497765321
      ],
      [
        0.75,
        3.31875,
        0.36009188551561433
      ],
      [
        0.75,
        3.439583333333333,
        0.3502409049902924
      ],
      [
        0.8,
        3.1423076923076922,
        0.39511504132686043
      ],
      [
        0.8,
        3.273076923076923,
        0.3842633725984734
      ],
      [
        0.8,
        3.4038461538461537,
        0.37219043506423405
      ],
      [
        0.8,
        3.5346153846153845,
        0.36008864632055104
      ],
      [
        0.85,
        2.928472222222222,
        0.41203640553092097
      ],
      [
        0.85,
        3.06875,
        0.4231597323247018
      ],
      [
        0.85,
        3.2090277777777776,
        0.41092364058287434
      ],
      [
        0.85,
        3.3493055555555555,
        0.3963414757232166
      ],
      [
        0.85,
        3.4895833333333335,
        0.3818250765715397
      ],
      [
        0.85,
        3.629861111111111,
        0.3679408973306455
      ]
    ]
  },
  "M4_period6": {
    "pass": true,
    "period6_err": 1.927358041897611e-50,
    "period2_err": 3.6486507728408157,
    "min_norm": 2.106549505878581
  },
  "all_pass": true,
  "wall_time_seconds": 77.32267117500305
}