{
  "0.0": [
    [
      50.0,
      0.40059203301486135,
      0.002614775517775492,
      0.03301048278808594
    ],
    [
      100.0,
      0.3545366077577589,
      0.0023546480042607376,
      0.06976199150085449
    ],
    [
      200.0,
      0.3085212520692703,
      0.0018362364975522314,
      0.11442828178405762
    ],
    [
      400.0,
      0.24963943187853121,
      0.0016649750482944264,
      0.20224714279174805
    ],
    [
      800.0,
      0.1890250982735402,
      0.001364894843812466,
      0.4400780200958252
    ],
    [
      1600.0,
      0.12580401437569538,
      0.0009302780602673328,
      0.8159079551696777
    ],
    [
      3200.0,
      0.07204926309474341,
      0.0006309105605434781,
      1.5961072444915771
    ]
  ],
  "0.5": [
    [
      50.0,
      0.39918582090144805,
      0.0022415938434418347,
      0.027537107467651367
    ],
    [
      100.0,
      0.3602370159459688,
      0.0027174855534626914,
      0.06355714797973633
    ],
    [
      200.0,
      0.3126480874224188,
      0.0019986803950210004,
      0.10635972023010254
    ],
    [
      400.0,
      0.25246814309775134,
      0.0017817684073223024,
      0.20888447761535645
    ],
    [
      800.0,
      0.1871499583070833,
      0.0012874987720200434,
      0.4010016918182373
    ],
    [
      1600.0,
      0.12597418395551188,
      0.0010707789981373565,
      0.8056495189666748
    ],
    [
      3200.0,
      0.07150988321932163,
      0.0005839489635907991,
      1.5538451671600342
    ]
  ],
  "0.9": [
    [
      50.0,
      0.41083231947553783,
      0.0021568423091539884,
      0.024921655654907227
    ],
    [
      100.0,
      0.368477549919094,
      0.002206517509531254,
      0.04724454879760742
    ],
    [
      200.0,
      0.31297092960986295,
      0.0021472841998056605,
      0.09467768669128418
    ],
    [
      400.0,
      0.25401690673344557,
      0.001753870921733518,
      0.20202946662902832
    ],
    [
      800.0,
      0.18895044241336303,
      0.0014409276414934793,
      0.4062364101409912
    ],
    [
      1600.0,
      0.1261824567217327,
      0.0008738364520704746,
      0.7902767658233643
    ],
    [
      3200.0,
      0.0722537948206366,
      0.0004973974188430088,
      1.4844298362731934
    ]
  ]
}