{
  "0.6": {
    "status": "optimal_inaccurate",
    "W": 4.238315784847088,
    "a0": 4.703042168177044,
    "a1": 3.3824229486096997,
    "a2": 0.09039458578886284,
    "c01": -7.595287227297445,
    "c02": 0.1808907845794855,
    "c12": -0.3614749060104158,
    "lambdas": {
      "S": 0.6225469466953965,
      "S_back": 0.00019311440488168588,
      "IV_tp1": 7.283483336786695e-06,
      "IV_t": 0.9999927100449422,
      "IV_p1": 4.892135570902662e-09,
      "IV_p2": 4.504348312854544e-09,
      "C_tp1_t": 0.00019305272304019316,
      "C_tp1_p1": 1.65451876310759e-07,
      "C_tp1_p2": 3.797122228622105e-08,
      "C_t_tp1": 3.6161478808504497,
      "C_t_p1": 1.6577516441986343e-07,
      "C_t_p2": 3.7988401432523956e-08,
      "C_p1_tp1": 3.0712325628372515e-08,
      "C_p1_t": 3.1895362580995747e-07,
      "C_p1_p2": 2.1012381072201145e-07,
      "C_p2_tp1": 1.3654679545250559e-08,
      "C_p2_t": 5.336674554089903e-08,
      "C_p2_p1": 2.2365108901555523e-07
    },
    "S": 0.39998835384723125,
    "C": 2.019146246270775,
    "eta": 0.5,
    "beta": 0.6
  },
  "0.7": {
    "status": "optimal_inaccurate",
    "W": 4.629493168331737,
    "a0": 13.608254382776298,
    "a1": 23.463487460017355,
    "a2": 4.225074400137922,
    "c01": -32.35521227715278,
    "c02": 8.461716992551041,
    "c12": -16.903396722389854,
    "lambdas": {
      "S": 0.7529355229801236,
      "S_back": 0.001318512846078105,
      "IV_tp1": 0.00011929702288625941,
      "IV_t": 0.9998804154650661,
      "IV_p1": 1.6813058713513222e-07,
      "IV_p2": 1.185897221998117e-07,
      "C_tp1_t": 0.0013214380563285875,
      "C_tp1_p1": 7.380914356091713e-06,
      "C_tp1_p2": 1.6655859051761388e-06,
      "C_t_tp1": 3.87908550911196,
      "C_t_p1": 7.3326036145547715e-06,
      "C_t_p2": 1.6643008612677955e-06,
      "C_p1_tp1": 1.2786573466514054e-06,
      "C_p1_t": 1.420430441099532e-05,
      "C_p1_p2": 8.931411762775604e-06,
      "C_p2_tp1": 5.579514577584398e-07,
      "C_p2_t": 2.289334382593278e-06,
      "C_p2_p1": 9.53269282371505e-06
    },
    "S": 0.49992423593998225,
    "C": 2.314670820105851,
    "eta": 0.3,
    "beta": 0.7
  },
  "0.8": {
    "status": "optimal_inaccurate",
    "W": 6.085231058076424,
    "a0": 49.05711670416161,
    "a1": 112.98919401676002,
    "a2": 23.309387479133292,
    "c01": -138.09776633494792,
    "c02": 46.637558593668786,
    "c12": -93.22884239189128,
    "lambdas": {
      "S": 0.9825818433936284,
      "S_back": 0.0013365093568111228,
      "IV_tp1": 1.6826978234235394e-05,
      "IV_t": 0.9999831047997869,
      "IV_p1": 4.2698990844375654e-08,
      "IV_p2": 2.5581792013528314e-08,
      "C_tp1_t": 0.0013361483137687862,
      "C_tp1_p1": 3.3498548563518435e-06,
      "C_tp1_p2": 6.969604506147517e-07,
      "C_t_tp1": 5.105308374048405,
      "C_t_p1": 3.4754952393516112e-06,
      "C_t_p2": 7.019781065627347e-07,
      "C_p1_tp1": 4.951925665807109e-07,
      "C_p1_t": 6.57632835865761e-06,
      "C_p1_p2": 3.6247057430663227e-06,
      "C_p2_tp1": 2.2295188022048798e-07,
      "C_p2_t": 9.980268173441099e-07,
      "C_p2_p1": 3.8281958405784915e-06
    },
    "S": 0.6666480668845125,
    "C": 3.2092635959227245,
    "eta": 0.15,
    "beta": 0.8
  },
  "0.9": {
    "status": "optimal_inaccurate",
    "W": 11.244299565355282,
    "a0": 393.88776029660045,
    "a1": 1142.1795412502931,
    "a2": 255.73993604963718,
    "c01": -1279.4487054130939,
    "c02": 511.66123975650487,
    "c12": -1023.0204119003691,
    "lambdas": {
      "S": 1.5743822157649583,
      "S_back": 0.0014650833461793765,
      "IV_tp1": 4.711075140788506e-05,
      "IV_t": 0.9999528377966634,
      "IV_p1": 2.8980614854051283e-08,
      "IV_p2": 2.249667190015053e-08,
      "C_tp1_t": 0.0014652386768313134,
      "C_tp1_p1": 3.529828838106538e-06,
      "C_tp1_p2": 7.751828186210253e-07,
      "C_t_tp1": 9.672803992426447,
      "C_t_p1": 3.571078643704877e-06,
      "C_t_p2": 7.784181221608677e-07,
      "C_p1_tp1": 6.099152010737382e-07,
      "C_p1_t": 6.791890189503411e-06,
      "C_p1_p2": 4.0875290300820825e-06,
      "C_p2_tp1": 2.6353610984952636e-07,
      "C_p2_t": 1.04063885752103e-06,
      "C_p2_p1": 4.359449122758488e-06
    },
    "S": 0.9993600395726219,
    "C": 6.121509822250263,
    "eta": 0.05,
    "beta": 0.9
  }
}