{
  "box": [
    [
      0.77,
      0.82
    ],
    [
      3.2,
      3.36
    ],
    [
      0.37,
      0.42
    ]
  ],
  "table": {
    "v3c_000": {
      "beta": 0.77,
      "etaL": 3.2,
      "kappa": 0.37,
      "ratios": {
        "1": 0.694675,
        "2": 0.49986189877979337,
        "3": 1.5676211269174738,
        "4": 0.030943100932053887,
        "5": 2.1750687820253596,
        "6": 0.1385207319180773,
        "7": 2.4200449426225354,
        "8": 1.2541059066440283,
        "9": 1.6354258466456435,
        "10": 3.3569925862043135,
        "11": 1.6718699283040839,
        "12": 5.264988369950284,
        "13": 2.1047080276722543,
        "14": 5.7877781352187485,
        "15": 2.2228178977303394,
        "16": 5.560265236546076,
        "17": 2.66892386652018,
        "18": 5.147368668593314,
        "19": 3.901112555071109,
        "20": 5.639988836419509
      }
    },
    "v3c_001": {
      "beta": 0.77,
      "etaL": 3.2,
      "kappa": 0.42,
      "ratios": {
        "1": 0.694675,
        "2": 0.3273185976223827,
        "3": 1.9315983503745249,
        "4": 0.0060226136418213,
        "5": 1.8496231902297662,
        "6": 0.10480636211876702,
        "7": 0.8653987138191697,
        "8": 2.0412125779902808,
        "9": 0.3975810783300384,
        "10": 3.8146617946927197,
        "11": 1.3543477177402277,
        "12": 2.6417175403805633,
        "13": 3.5522698569195645,
        "14": 2.469216639377918,
        "15": 5.881077153583828,
        "16": 3.1148989269355187,
        "17": 6.71574665989752,
        "18": 3.2531318327412304,
        "19": 6.030514234883468,
        "20": 3.6008598840650956
      }
    },
    "v3c_010": {
      "beta": 0.77,
      "etaL": 3.36,
      "kappa": 0.37,
      "ratios": {
        "1": 0.694675,
        "2": 0.4315816685216359,
        "3": 1.7138275395663818,
        "4": 0.01679461967647656,
        "5": 2.1617248423002122,
        "6": 0.14735524818152626,
        "7": 2.076092979441238,
        "8": 1.7724595648102894,
        "9": 2.3838804581007684,
        "10": 3.4735793093231644,
        "11": 2.8519674788132474,
        "12": 4.05376738291764,
        "13": 2.4420935129359065,
        "14": 4.078775344668225,
        "15": 2.5399786160586064,
        "16": 4.841223423865059,
        "17": 3.5973377692814212,
        "18": 5.6171312685675305,
        "19": 4.409027776759687,
        "20": 5.5583417746358945
      }
    },
    "v3c_011": {
      "beta": 0.77,
      "etaL": 3.36,
      "kappa": 0.42,
      "ratios": {
        "1": 0.694675,
        "2": 0.26525712525434614,
        "3": 2.0494107646491164,
        "4": 0.01316865180088462,
        "5": 1.5385980382996824,
        "6": 0.19460015992595628,
        "7": 0.2617610809109541,
        "8": 1.2971378206116222,
        "9": 0.034533061629084094,
        "10": 0.5882785019240832,
        "11": 1.8947964515312954,
        "12": 0.011191156612572879,
        "13": 1.6206069207756781,
        "14": 3.348903912096075,
        "15": 0.33530198475354733,
        "16": 5.594536792800796,
        "17": 1.8679041025503043,
        "18": 1.9271000901723974,
        "19": 5.590500345889197,
        "20": 2.624386403241921
      }
    },
    "v3c_100": {
      "beta": 0.82,
      "etaL": 3.2,
      "kappa": 0.37,
      "ratios": {
        "1": 0.7543,
        "2": 0.6555445942794494,
        "3": 1.635721735432642,
        "4": 0.11447384607842849,
        "5": 3.473290722239626,
        "6": 0.5059634984664508,
        "7": 5.632314628926365,
        "8": 0.13494208789861664,
        "9": 5.546575064963097,
        "10": 0.5362838783906178,
        "11": 6.353156822969405,
        "12": 1.2294552290271112,
        "13": 3.919619683997871,
        "14": 2.222917371029351,
        "15": 1.5176367986757633,
        "16": 4.122220369072443,
        "17": 1.3598505099611198,
        "18": 1.9691029711944783,
        "19": 4.601896940709315,
        "20": 2.5833028859227625
      }
    },
    "v3c_101": {
      "beta": 0.82,
      "etaL": 3.2,
      "kappa": 0.42,
      "ratios": {
        "1": 0.7543,
        "2": 0.44641330943317786,
        "3": 2.1020111123606147,
        "4": 0.035909925241472435,
        "5": 3.2875203105213235,
        "6": 0.1141901625369056,
        "7": 4.599838597753968,
        "8": 0.47616435011038116,
        "9": 1.8705520539628429,
        "10": 1.3624467971660104,
        "11": 0.13116958782004906,
        "12": 1.8192277398886816,
        "13": 1.8277482570603516,
        "14": 0.2736939470648876,
        "15": 3.756040772803212,
        "16": 1.9440532911244386,
        "17": 1.0137962737377677,
        "18": 5.174455112333045,
        "19": 1.6297649827302345,
        "20": 2.2376586572327533
      }
    },
    "v3c_110": {
      "beta": 0.82,
      "etaL": 3.36,
      "kappa": 0.37,
      "ratios": {
        "1": 0.7543,
        "2": 0.5733737426646593,
        "3": 1.8189279608112943,
        "4": 0.08619178512574019,
        "5": 3.689889577327132,
        "6": 0.42364371778257054,
        "7": 6.2519542570909294,
        "8": 0.23173355102421744,
        "9": 6.113435006355525,
        "10": 0.9534348168668065,
        "11": 6.20501102765893,
        "12": 1.9211651441434305,
        "13": 5.217937654746627,
        "14": 2.172492276662722,
        "15": 2.9036603833265113,
        "16": 4.147199472673432,
        "17": 2.369304022451622,
        "18": 7.660057878377831,
        "19": 3.6336765201217305,
        "20": 9.077325334339466
      }
    },
    "v3c_111": {
      "beta": 0.82,
      "etaL": 3.36,
      "kappa": 0.42,
      "ratios": {
        "1": 0.7543,
        "2": 0.3701740260033324,
        "3": 2.2647127841848183,
        "4": 0.009884073901457267,
        "5": 3.055722036590661,
        "6": 0.04478049770675766,
        "7": 3.2060739357988695,
        "8": 1.1779317328241936,
        "9": 1.6459021288991065,
        "10": 2.9508313762198113,
        "11": 1.1167254354734615,
        "12": 4.946050144921167,
        "13": 2.236404828043608,
        "14": 6.240610357665189,
        "15": 3.092236939479933,
        "16": 5.399628999100865,
        "17": 3.391726503814045,
        "18": 4.126812826340139,
        "19": 4.592916026311706,
        "20": 4.245610484178798
      }
    },
    "v3c_center": {
      "beta": 0.7949999999999999,
      "etaL": 3.2800000000000002,
      "kappa": 0.395,
      "ratios": {
        "1": 0.7240187499999999,
        "2": 0.4374245391528505,
        "3": 1.9032576495447089,
        "4": 0.023579110698147224,
        "5": 2.6976030592094853,
        "6": 0.104036697090162,
        "7": 3.213650233024352,
        "8": 0.9677336139051176,
        "9": 1.7449958928773392,
        "10": 2.8193426844810237,
        "11": 0.9975969499293916,
        "12": 4.9267724755325855,
        "13": 1.3393771071705258,
        "14": 3.795493270416489,
        "15": 2.9716332280615116,
        "16": 3.171728892335945,
        "17": 5.54111554235765,
        "18": 4.100171142185174,
        "19": 7.2177990640349154,
        "20": 4.134966955408344
      }
    }
  },
  "binding_summary": [
    {
      "id": "v3c_000",
      "binding_t": 4,
      "min_ratio": 0.030943100932053887,
      "c_recip": 32.3173815771031
    },
    {
      "id": "v3c_001",
      "binding_t": 4,
      "min_ratio": 0.0060226136418213,
      "c_recip": 166.04086854517033
    },
    {
      "id": "v3c_010",
      "binding_t": 4,
      "min_ratio": 0.01679461967647656,
      "c_recip": 59.5428785684652
    },
    {
      "id": "v3c_011",
      "binding_t": 12,
      "min_ratio": 0.011191156612572879,
      "c_recip": 89.35626893796969
    },
    {
      "id": "v3c_100",
      "binding_t": 4,
      "min_ratio": 0.11447384607842849,
      "c_recip": 8.735619831580381
    },
    {
      "id": "v3c_101",
      "binding_t": 4,
      "min_ratio": 0.035909925241472435,
      "c_recip": 27.847454242124076
    },
    {
      "id": "v3c_110",
      "binding_t": 4,
      "min_ratio": 0.08619178512574019,